leeftijd,gender,onderwijsniveau,burgerlijke_staat,gebruik,fitness,Inkomen,kilometers,lengte,gewicht,bmi,product_code_TM498,product_code_TM798
0.3978241024739755,-0.9466276438515284,0.49814652105721535,0.8834522085987724,1.5923746444999956,1.2857117387959824,0.8157279542984993,1.3814331976082705,0.11663766232436378,0.33235494963110296,-0.07093678762998123,-0.6142951168339511,1.3445044840729643
0.07810491553158788,1.0563815735734448,0.04641116655812591,-1.1319231422671772,-1.4269331229935025,-0.5636864273539036,1.4778418341642099,-0.05370807828984241,-0.12879280673510585,-0.29077723695319047,-0.23678948425022042,-0.6142951168339511,-0.7437684379978099
0.07810491553158788,1.0563815735734448,-0.857059542440053,0.8834522085987724,0.08272076075324652,0.3610126557210394,-0.6527049738442801,-1.1470172470068232,-1.1860317503758981,-0.6802348535683739,0.2124540548979638,-0.6142951168339511,1.3445044840729643
1.0372624763587506,-0.9466276438515284,-0.857059542440053,0.8834522085987724,1.5923746444999956,-0.5636864273539036,0.5423838291008506,-0.05370807828984241,0.777412002099859,0.9554871362153964,0.09224399949291415,-0.6142951168339511,-0.7437684379978099
0.3978241024739755,-0.9466276438515284,-0.857059542440053,0.8834522085987724,1.5923746444999956,1.2857117387959824,0.8106853855097013,-0.7982654615426724,-0.35534400894384705,-0.36866876027622714,-0.14274939446528676,-0.6142951168339511,-0.7437684379978099
-0.987625707609704,-0.9466276438515284,0.04641116655812591,-1.1319231422671772,-1.4269331229935025,1.2857117387959824,0.04344624534581724,-0.31250404607474797,0.777412002099859,-1.5370416101217774,-1.6948179764675992,-0.6142951168339511,1.3445044840729643
-1.52049101918035,1.0563815735734448,-1.3087948969391423,-1.1319231422671772,0.08272076075324652,0.3610126557210394,-1.0716071517624766,-1.0722847215502196,1.910168013143565,-1.6928246567678507,-2.227795187679491,-0.6142951168339511,1.3445044840729643
-1.4139179568662208,-0.9466276438515284,0.9498818755563048,0.8834522085987724,0.837547702626621,1.2857117387959824,0.2100662469707957,0.8707609403214782,-0.5063781437496745,-1.848607703413924,-0.07093678762998123,-0.6142951168339511,1.3445044840729643
0.07810491553158788,1.0563815735734448,0.9498818755563048,0.8834522085987724,-0.672106181120128,-1.4883855104288466,-1.2354906373984123,-0.21286067879927625,-0.5818952111525882,1.033378659538433,1.2588830128129778,-0.6142951168339511,1.3445044840729643
0.07810491553158788,1.0563815735734448,1.4016172300553942,-1.1319231422671772,-0.672106181120128,-1.4883855104288466,0.04344624534581724,0.7960284148648745,-1.6391341547933804,0.7218125662462864,2.081804601365159,-0.6142951168339511,1.3445044840729643
0.07810491553158788,-0.9466276438515284,-0.857059542440053,0.8834522085987724,0.08272076075324652,-1.4883855104288466,0.04344624534581724,0.7960284148648745,0.777412002099859,1.8901854160918365,0.762392240478107,-0.6142951168339511,-0.7437684379978099
1.1438355386728798,1.0563815735734448,0.9498818755563048,0.8834522085987724,-0.672106181120128,-1.4883855104288466,1.0072225787901705,-1.6327786624747476,1.0039632043086002,0.02078885633895626,-0.7094368118260562,1.6278820596099703,-0.7437684379978099
0.07810491553158788,1.0563815735734448,0.49814652105721535,0.8834522085987724,0.837547702626621,0.3610126557210394,1.6852635966595237,-1.6950557670219175,-0.8839634807642432,-0.05710266698408042,0.5486958814604999,1.6278820596099703,-0.7437684379978099
0.07810491553158788,1.0563815735734448,-0.857059542440053,-1.1319231422671772,0.837547702626621,1.2857117387959824,-0.7310492742946298,1.1447802003290253,0.02224132807072161,-0.5244518069223005,-0.5263895651968781,1.6278820596099703,-0.7437684379978099
1.250408600987009,1.0563815735734448,0.04641116655812591,-1.1319231422671772,1.5923746444999956,-0.5636864273539036,0.2887795158691063,0.6963850475894028,-1.1860317503758981,-0.7581263768914105,-0.07093678762998123,-0.6142951168339511,-0.7437684379978099
0.07810491553158788,-0.9466276438515284,-0.857059542440053,-1.1319231422671772,-1.4269331229935025,0.3610126557210394,1.3546678672866193,1.6554524576158176,-0.8084464133613295,-0.6802348535683739,-0.08493452882205728,1.6278820596099703,-0.7437684379978099
1.6767008502435259,-0.9466276438515284,-0.40532418794096353,0.8834522085987724,1.5923746444999956,0.3610126557210394,0.5004444155159694,-1.7573328715690872,0.7018949346969452,0.03766535305894769,-0.07093678762998123,-0.6142951168339511,-0.7437684379978099
-1.6270640814944792,1.0563815735734448,-0.857059542440053,0.8834522085987724,1.5923746444999956,-1.4883855104288466,1.4167775560266924,0.11098026484600669,-1.0349976155700706,1.6565108461227265,2.3058274079971275,-0.6142951168339511,-0.7437684379978099
0.07810491553158788,1.0563815735734448,0.49814652105721535,0.8834522085987724,0.837547702626621,1.2857117387959824,-1.3295160968870972,0.8707609403214782,0.11663766232436378,-1.3033670401526674,-0.07093678762998123,-0.6142951168339511,1.3445044840729643
0.5043971647881047,1.0563815735734448,-0.857059542440053,-1.1319231422671772,-0.672106181120128,-0.5636864273539036,0.045260340214957985,-0.8729979869992761,-1.1860317503758981,-0.7581263768914105,0.13671653003951947,1.6278820596099703,-0.7437684379978099
1.0372624763587506,1.0563815735734448,1.8533525845544836,0.8834522085987724,-0.672106181120128,-1.4883855104288466,0.04344624534581724,-0.05370807828984241,0.02224132807072161,1.6565108461227265,1.2221876568884122,1.6278820596099703,-0.7437684379978099
-1.0941987699238334,-0.9466276438515284,1.8533525845544836,-1.1319231422671772,0.08272076075324652,0.3610126557210394,0.3588835209816641,-1.2964822979200308,-0.9594805481671569,-1.381258563475704,-0.6257719729912208,-0.6142951168339511,1.3445044840729643
0.717543289416363,-0.9466276438515284,-0.857059542440053,0.8834522085987724,-0.672106181120128,-0.5636864273539036,-1.1019855539779182,-1.5954123997464458,-1.1860317503758981,0.33235494963110296,-0.07093678762998123,-0.6142951168339511,1.3445044840729643
-1.3073448945520916,1.0563815735734448,-1.3087948969391423,0.8834522085987724,0.837547702626621,1.2857117387959824,0.5899807588877977,0.24798989484978023,0.11663766232436378,1.5007277994766532,-0.07093678762998123,-0.6142951168339511,1.3445044840729643
0.717543289416363,-0.9466276438515284,0.04641116655812591,-1.1319231422671772,-1.4269331229935025,0.3610126557210394,-0.36859926891444045,0.09852484393657272,1.1549973391144277,-0.05710266698408042,-0.8465970216149905,-0.6142951168339511,-0.7437684379978099
-0.5613334583531873,-0.9466276438515284,1.8533525845544836,-1.1319231422671772,-1.4269331229935025,0.3610126557210394,1.1403586937627035,-0.8605425660898421,0.02224132807072161,-1.6928246567678507,-1.4631273627425692,-0.6142951168339511,1.3445044840729643
0.8241163517304922,1.0563815735734448,1.8533525845544836,-1.1319231422671772,0.837547702626621,-1.4883855104288466,0.19979662516921926,-0.7235329360860686,-1.4881000199875531,-0.36866876027622714,0.7904045650506875,-0.6142951168339511,-0.7437684379978099
1.1438355386728798,-0.9466276438515284,-0.40532418794096353,-1.1319231422671772,-0.672106181120128,1.2857117387959824,0.7341244325578289,-0.3498703088030498,-1.0349976155700706,1.6565108461227265,2.3058274079971275,-0.6142951168339511,1.3445044840729643
-1.0941987699238334,-0.9466276438515284,0.04641116655812591,-1.1319231422671772,0.08272076075324652,1.2857117387959824,-1.4189294507762718,0.9205826239592141,-0.7329293459584157,0.4102464729541397,-0.07093678762998123,-0.6142951168339511,-0.7437684379978099
-1.2007718322379626,1.0563815735734448,-0.40532418794096353,0.8834522085987724,0.837547702626621,-1.4883855104288466,1.6368057404940013,-0.5865233060822951,-1.261548817778812,-1.381258563475704,-0.41498228384272784,1.6278820596099703,-0.7437684379978099
0.3978241024739755,-0.9466276438515284,0.04641116655812591,0.8834522085987724,-0.672106181120128,1.2857117387959824,1.5064983836225012,1.5308982485214782,-1.4881000199875531,-0.6023433302453371,0.5512354508788768,-0.6142951168339511,-0.7437684379978099
-1.52049101918035,1.0563815735734448,-1.3087948969391423,0.8834522085987724,-1.4269331229935025,0.3610126557210394,0.32124873928965936,-0.05370807828984241,1.7591338783377375,0.03766535305894769,-0.07093678762998123,1.6278820596099703,-0.7437684379978099
-1.0941987699238334,-0.9466276438515284,-1.3087948969391423,0.8834522085987724,-0.672106181120128,-1.4883855104288466,-1.49807318286387,0.3476332621252519,0.09775839547363534,-0.36866876027622714,-0.45059613456400527,1.6278820596099703,-0.7437684379978099
-0.5613334583531873,1.0563815735734448,-0.40532418794096353,0.8834522085987724,0.837547702626621,-0.5636864273539036,0.6622985746881205,-0.28759320425588003,0.11663766232436378,0.03766535305894769,-0.07093678762998123,-0.6142951168339511,-0.7437684379978099
1.5701277879293967,-0.9466276438515284,-0.40532418794096353,-1.1319231422671772,0.08272076075324652,1.2857117387959824,-1.609501654148041,-1.234205193372861,0.9284461369056864,1.033378659538433,0.044165957692554325,1.6278820596099703,-0.7437684379978099
-0.02846814678254131,-0.9466276438515284,0.04641116655812591,0.8834522085987724,-0.672106181120128,0.3610126557210394,1.181498675710336,-0.18794983698040835,-0.8839634807642432,-0.2128857136301538,0.4046087323547051,1.6278820596099703,-0.7437684379978099
-1.6270640814944792,1.0563815735734448,-0.40532418794096353,0.8834522085987724,0.08272076075324652,-1.4883855104288466,0.896286065436614,0.5967416803139312,0.2487925302794628,-1.7707161800908875,-1.6326246089593974,-0.6142951168339511,1.3445044840729643
-0.7744795829814457,-0.9466276438515284,-1.3087948969391423,-1.1319231422671772,-0.672106181120128,-1.4883855104288466,0.8569909257287855,0.4472766294007236,-1.4881000199875531,-0.05710266698408042,1.1092967172797692,-0.6142951168339511,1.3445044840729643
1.250408600987009,1.0563815735734448,-1.3087948969391423,0.8834522085987724,1.5923746444999956,0.3610126557210394,-1.7928174780432469,-1.4459473488332382,-0.8839634807642432,-1.3033670401526674,-0.604001311385849,-0.6142951168339511,-0.7437684379978099
1.1438355386728798,1.0563815735734448,1.8533525845544836,0.8834522085987724,0.08272076075324652,0.3610126557210394,-1.5893313789928487,0.04870316029883689,-0.5818952111525882,-1.0696924701835573,-0.5936794928223836,-0.6142951168339511,1.3445044840729643
-1.0941987699238334,1.0563815735734448,-0.857059542440053,-1.1319231422671772,0.08272076075324652,0.3610126557210394,0.899114823537647,1.518442827612044,1.910168013143565,0.03766535305894769,-0.07093678762998123,-0.6142951168339511,1.3445044840729643
-0.02846814678254131,-0.9466276438515284,-0.857059542440053,0.8834522085987724,0.08272076075324652,-0.5636864273539036,-0.6880029553658662,-1.6701449252030496,1.1549973391144277,-0.6023433302453371,-1.217106833601317,1.6278820596099703,-0.7437684379978099
1.3569816633011382,-0.9466276438515284,0.04641116655812591,-1.1319231422671772,0.08272076075324652,-0.5636864273539036,-0.5402310919575535,0.2355344739403463,0.11663766232436378,-1.3033670401526674,-0.07093678762998123,-0.6142951168339511,-0.7437684379978099
0.3978241024739755,1.0563815735734448,0.49814652105721535,-1.1319231422671772,0.08272076075324652,1.2857117387959824,1.4960442775969442,0.5220091548573274,0.32430959768237655,-0.5244518069223005,-0.712325888197489,1.6278820596099703,-0.7437684379978099
0.07810491553158788,-0.9466276438515284,0.04641116655812591,-1.1319231422671772,0.837547702626621,-1.4883855104288466,0.36921463752456735,1.0825030957818556,-1.6391341547933804,0.4102464729541397,1.7544653405330568,1.6278820596099703,-0.7437684379978099
1.1438355386728798,1.0563815735734448,-0.857059542440053,-1.1319231422671772,0.837547702626621,-1.4883855104288466,-0.1482021159991709,1.0202259912346858,1.1549973391144277,-0.5244518069223005,-0.07093678762998123,1.6278820596099703,-0.7437684379978099
-1.3073448945520916,-0.9466276438515284,0.9498818755563048,0.8834522085987724,-1.4269331229935025,-0.5636864273539036,-1.6226615287919772,-0.5865233060822951,0.7018949346969452,1.6565108461227265,0.6529954611746769,1.6278820596099703,-0.7437684379978099
-1.4139179568662208,1.0563815735734448,-0.40532418794096353,0.8834522085987724,0.08272076075324652,1.2857117387959824,-0.9164559193949472,0.08606942302713877,-0.8839634807642432,1.033378659538433,1.5573059252010533,-0.6142951168339511,-0.7437684379978099
1.5701277879293967,-0.9466276438515284,-0.857059542440053,0.8834522085987724,1.5923746444999956,1.2857117387959824,0.4435002850473479,1.2568789885139309,1.5325826761289962,0.566029519600213,-0.07093678762998123,-0.6142951168339511,1.3445044840729643
0.3978241024739755,-0.9466276438515284,1.4016172300553942,-1.1319231422671772,1.5923746444999956,1.2857117387959824,1.1668014325332297,1.3067006721516667,-1.4125829525846394,1.5786193227996899,2.6870961100969515,1.6278820596099703,-0.7437684379978099
1.6767008502435259,-0.9466276438515284,-1.3087948969391423,-1.1319231422671772,-0.672106181120128,-0.5636864273539036,-1.6111620121638646,-1.3587594024672005,-0.053275739332192124,0.02078885633895626,-0.03566611533310487,1.6278820596099703,-0.7437684379978099
-0.987625707609704,1.0563815735734448,-0.857059542440053,0.8834522085987724,0.08272076075324652,1.2857117387959824,0.9235897305857155,1.1696910421478932,-0.4308610763467608,0.6439210429232497,0.7826537141284541,1.6278820596099703,-0.7437684379978099
0.07810491553158788,1.0563815735734448,1.8533525845544836,0.8834522085987724,0.08272076075324652,0.3610126557210394,-0.696612219151619,0.036247739389402935,-0.657412278555502,1.033378659538433,1.3314582499993632,1.6278820596099703,-0.7437684379978099
-1.6270640814944792,1.0563815735734448,-0.857059542440053,0.8834522085987724,0.08272076075324652,-0.5636864273539036,0.36078985796279506,1.2319681466950632,0.11663766232436378,-1.3033670401526674,-0.07093678762998123,-0.6142951168339511,1.3445044840729643
1.6767008502435259,1.0563815735734448,-0.857059542440053,0.8834522085987724,0.837547702626621,0.3610126557210394,-0.38292754364358605,0.11098026484600669,1.7591338783377375,-0.2128857136301538,-1.2514801519828833,1.6278820596099703,-0.7437684379978099
0.18467797784571707,-0.9466276438515284,-0.857059542440053,-1.1319231422671772,1.5923746444999956,0.3610126557210394,0.04344624534581724,0.6963850475894028,-0.8839634807642432,1.2670532295075432,1.7734366488597444,-0.6142951168339511,-0.7437684379978099
0.07810491553158788,-0.9466276438515284,-0.40532418794096353,0.8834522085987724,0.08272076075324652,-1.4883855104288466,0.04344624534581724,-1.5954123997464458,1.3815485413231687,-0.6023433302453371,-1.3254220276606572,1.6278820596099703,-0.7437684379978099
-1.6270640814944792,-0.9466276438515284,-1.3087948969391423,-1.1319231422671772,-1.4269331229935025,-1.4883855104288466,1.5196582582664375,-0.20040525788984231,1.5325826761289962,-0.9918009468605206,-1.6460412888598448,-0.6142951168339511,-0.7437684379978099
1.250408600987009,-0.9466276438515284,0.04641116655812591,0.8834522085987724,-1.4269331229935025,-1.4883855104288466,-1.301228515876767,-1.0473738797313517,1.306031473920255,0.566029519600213,-0.5124741177836141,1.6278820596099703,-0.7437684379978099
0.717543289416363,-0.9466276438515284,0.49814652105721535,0.8834522085987724,-1.4269331229935025,-0.5636864273539036,0.04344624534581724,-1.3213931397388987,-1.3370658851817256,0.2544634263080663,1.2717959603679034,-0.6142951168339511,-0.7437684379978099
1.5701277879293967,-0.9466276438515284,-0.40532418794096353,0.8834522085987724,0.08272076075324652,-1.4883855104288466,-0.41213754577381845,-0.17549441607097438,0.11663766232436378,-0.36866876027622714,-0.07093678762998123,-0.6142951168339511,-0.7437684379978099
1.4635547256152674,-0.9466276438515284,0.49814652105721535,0.8834522085987724,1.5923746444999956,1.2857117387959824,0.1583491695149526,1.0451368330535538,1.3815485413231687,0.6439210429232497,-0.504800686269067,-0.6142951168339511,-0.7437684379978099
-1.4139179568662208,1.0563815735734448,0.04641116655812591,-1.1319231422671772,-1.4269331229935025,0.3610126557210394,-0.19549157207948403,0.33517784121581795,0.475343732488204,1.1891617061845066,0.4831362286173632,-0.6142951168339511,1.3445044840729643
-0.987625707609704,1.0563815735734448,-1.3087948969391423,0.8834522085987724,-0.672106181120128,0.3610126557210394,-1.7873444460651613,-0.5367016224445592,0.11663766232436378,0.566029519600213,-0.07093678762998123,-0.6142951168339511,-0.7437684379978099
0.07810491553158788,-0.9466276438515284,0.49814652105721535,-1.1319231422671772,-1.4269331229935025,0.3610126557210394,-1.7481108010986597,-1.6576895042936155,1.306031473920255,1.9680769394148734,0.4204172029091305,-0.6142951168339511,-0.7437684379978099
-0.02846814678254131,1.0563815735734448,0.49814652105721535,0.8834522085987724,-1.4269331229935025,0.3610126557210394,1.754568170134833,1.6180861948875158,-1.1105146829729844,0.03766535305894769,-0.07093678762998123,-0.6142951168339511,-0.7437684379978099
1.0372624763587506,1.0563815735734448,-1.3087948969391423,0.8834522085987724,0.08272076075324652,0.3610126557210394,-0.1962910037167325,-0.5491570433539932,0.11663766232436378,-1.7707161800908875,-0.07093678762998123,-0.6142951168339511,1.3445044840729643
-0.02846814678254131,-0.9466276438515284,0.04641116655812591,0.8834522085987724,1.5923746444999956,0.3610126557210394,-0.6294599616227478,-1.2591160351917288,1.3815485413231687,0.6439210429232497,-0.07093678762998123,-0.6142951168339511,-0.7437684379978099
0.3978241024739755,-0.9466276438515284,0.49814652105721535,-1.1319231422671772,-0.672106181120128,0.3610126557210394,-0.3863712491578871,-1.0971955633690873,1.079480271711514,1.2670532295075432,0.10402493657979826,-0.6142951168339511,1.3445044840729643
0.07810491553158788,-0.9466276438515284,-0.857059542440053,-1.1319231422671772,-1.4269331229935025,0.3610126557210394,-0.1889731294988427,-0.05370807828984241,-0.5063781437496745,0.4102464729541397,-0.07093678762998123,-0.6142951168339511,1.3445044840729643
-1.52049101918035,-0.9466276438515284,1.8533525845544836,-1.1319231422671772,-1.4269331229935025,1.2857117387959824,-0.46576096021079255,0.8832163612309122,0.8529290695027727,0.6439210429232497,-0.18051139292637725,-0.6142951168339511,-0.7437684379978099
-1.6270640814944792,-0.9466276438515284,-0.40532418794096353,-1.1319231422671772,0.08272076075324652,1.2857117387959824,-0.7806755305453615,1.4810765648837423,-1.7146512221962942,-0.913909423537484,0.430698105412172,-0.6142951168339511,1.3445044840729643
1.4635547256152674,1.0563815735734448,-0.857059542440053,-1.1319231422671772,0.837547702626621,0.3610126557210394,0.43747380039732103,-0.7982654615426724,-0.8839634807642432,-0.2128857136301538,-0.07093678762998123,-0.6142951168339511,-0.7437684379978099
-0.4547603960390581,-0.9466276438515284,1.8533525845544836,-1.1319231422671772,-0.672106181120128,-1.4883855104288466,1.0551269822837517,0.8707609403214782,0.32430959768237655,1.1112701828614697,0.5408284793662875,-0.6142951168339511,1.3445044840729643
-1.2007718322379626,-0.9466276438515284,-0.857059542440053,-1.1319231422671772,-0.672106181120128,1.2857117387959824,-1.5065594571669692,-0.05370807828984241,1.079480271711514,0.03766535305894769,-0.07093678762998123,1.6278820596099703,-0.7437684379978099
1.6767008502435259,1.0563815735734448,-1.3087948969391423,-1.1319231422671772,0.08272076075324652,-0.5636864273539036,1.4199752825756864,-1.495769032470974,0.11663766232436378,1.1112701828614697,-0.07093678762998123,-0.6142951168339511,1.3445044840729643
1.1438355386728798,-0.9466276438515284,1.4016172300553942,-1.1319231422671772,-0.672106181120128,0.3610126557210394,0.04344624534581724,-0.6986220942672007,0.5508607998911177,0.09868037966199295,-0.3820650556365733,1.6278820596099703,-0.7437684379978099
0.07810491553158788,1.0563815735734448,1.8533525845544836,-1.1319231422671772,0.08272076075324652,0.3610126557210394,-0.2710071144288007,1.5308982485214782,-0.8839634807642432,1.6565108461227265,2.133654521624228,-0.6142951168339511,-0.7437684379978099
-0.7744795829814457,1.0563815735734448,1.4016172300553942,-1.1319231422671772,0.08272076075324652,-1.4883855104288466,0.4563526859846502,-1.0722847215502196,0.11663766232436378,-0.7581263768914105,-0.07093678762998123,-0.6142951168339511,-0.7437684379978099
0.29125104015984626,-0.9466276438515284,-0.857059542440053,-1.1319231422671772,0.08272076075324652,-1.4883855104288466,1.410320608187378,-1.221749772463427,1.2305144065173415,1.3449447528305798,0.055574576814445296,-0.6142951168339511,-0.7437684379978099
-0.02846814678254131,1.0563815735734448,0.49814652105721535,-1.1319231422671772,0.08272076075324652,-1.4883855104288466,1.4773498762335955,1.5059874067026102,-0.5818952111525882,1.5007277994766532,1.6705635696208367,-0.6142951168339511,1.3445044840729643
-0.02846814678254131,-0.9466276438515284,0.04641116655812591,-1.1319231422671772,-0.672106181120128,-1.4883855104288466,1.312482474736431,-1.6078678206558799,1.1549973391144277,0.03766535305894769,-0.07093678762998123,-0.6142951168339511,1.3445044840729643
0.07810491553158788,-0.9466276438515284,1.4016172300553942,0.8834522085987724,0.08272076075324652,0.3610126557210394,0.5941624012980204,-0.05370807828984241,0.11663766232436378,-1.0696924701835573,-0.07093678762998123,-0.6142951168339511,-0.7437684379978099
0.6109702271022339,1.0563815735734448,-0.857059542440053,-1.1319231422671772,-1.4269331229935025,-1.4883855104288466,0.04344624534581724,1.555809090340346,1.5325826761289962,-1.4591500867987406,-1.9474619877491348,1.6278820596099703,-0.7437684379978099
0.8241163517304922,-0.9466276438515284,-1.3087948969391423,-1.1319231422671772,1.5923746444999956,-0.5636864273539036,0.39953154499868226,-0.3498703088030498,0.777412002099859,-1.2254755168296307,-1.4714352294725348,-0.6142951168339511,1.3445044840729643
-1.6270640814944792,-0.9466276438515284,-0.40532418794096353,0.8834522085987724,0.837547702626621,1.2857117387959824,0.1909413824181593,-1.7199666088407854,1.7591338783377375,-1.4591500867987406,-2.030974215964423,-0.6142951168339511,1.3445044840729643
0.8241163517304922,1.0563815735734448,-1.3087948969391423,-1.1319231422671772,-0.672106181120128,-0.5636864273539036,0.04344624534581724,-0.10076189061437063,-1.4125829525846394,-1.2254755168296307,-0.14602008305118613,-0.6142951168339511,-0.7437684379978099
0.3978241024739755,-0.9466276438515284,0.9498818755563048,0.8834522085987724,-1.4269331229935025,-0.5636864273539036,1.4951218564770423,0.3849995248535538,-0.4308610763467608,1.1112701828614697,1.184590697667192,-0.6142951168339511,1.3445044840729643
0.07810491553158788,-0.9466276438515284,-1.3087948969391423,0.8834522085987724,-1.4269331229935025,-0.5636864273539036,1.3196158647303404,0.8707609403214782,0.3998266650852903,0.48813799627717636,0.010245429573672603,-0.6142951168339511,-0.7437684379978099
-0.8810526452955749,1.0563815735734448,0.9498818755563048,0.8834522085987724,0.837547702626621,0.3610126557210394,-0.9043414553535666,-0.05370807828984241,-1.1105146829729844,1.2670532295075432,2.020421206689718,1.6278820596099703,-0.7437684379978099
-1.0941987699238334,1.0563815735734448,1.8533525845544836,-1.1319231422671772,-1.4269331229935025,-1.4883855104288466,-0.29179233699726087,1.5931753530686479,0.5508607998911177,-0.9918009468605206,-1.1900367899525943,-0.6142951168339511,-0.7437684379978099
-0.8810526452955749,-0.9466276438515284,-1.3087948969391423,0.8834522085987724,0.08272076075324652,-0.5636864273539036,-0.6947673769118148,-1.6327786624747476,0.7018949346969452,-1.3033670401526674,-1.4923967476555802,-0.6142951168339511,-0.7437684379978099
0.3978241024739755,-0.9466276438515284,-0.857059542440053,-1.1319231422671772,0.837547702626621,-0.5636864273539036,-0.9492326165221343,0.17325736939317649,0.2487925302794628,-1.3033670401526674,-1.2705233793192132,1.6278820596099703,-0.7437684379978099
1.4635547256152674,-0.9466276438515284,0.49814652105721535,-1.1319231422671772,-1.4269331229935025,-1.4883855104288466,0.7929749000075814,0.08606942302713877,-0.7329293459584157,1.9680769394148734,-0.07093678762998123,-0.6142951168339511,1.3445044840729643
-1.4139179568662208,1.0563815735734448,-0.40532418794096353,0.8834522085987724,0.08272076075324652,0.3610126557210394,0.04344624534581724,-0.46196909698795546,0.3998266650852903,0.2544634263080663,-0.07093678762998123,-0.6142951168339511,1.3445044840729643
-0.02846814678254131,-0.9466276438515284,-0.40532418794096353,0.8834522085987724,-0.672106181120128,0.3610126557210394,0.8747014112309054,0.5344645757667613,0.9284461369056864,-0.36866876027622714,-0.07093678762998123,1.6278820596099703,-0.7437684379978099
1.4635547256152674,-0.9466276438515284,-1.3087948969391423,-1.1319231422671772,0.08272076075324652,1.2857117387959824,-1.2388728481713864,-0.5865233060822951,0.32430959768237655,1.7344023694457633,1.018220619390584,-0.6142951168339511,1.3445044840729643
0.9306894140446215,-0.9466276438515284,0.04641116655812591,0.8834522085987724,-1.4269331229935025,-1.4883855104288466,1.4735372022713336,-0.17549441607097438,-0.2043098741380196,-1.381258563475704,-1.0895470645359808,-0.6142951168339511,1.3445044840729643
-1.4139179568662208,-0.9466276438515284,0.04641116655812591,0.8834522085987724,1.5923746444999956,1.2857117387959824,0.97893499777984,0.322722420306384,-1.563617087390467,-1.0696924701835573,-0.07093678762998123,-0.6142951168339511,-0.7437684379978099
1.3569816633011382,1.0563815735734448,-1.3087948969391423,-1.1319231422671772,0.837547702626621,1.2857117387959824,-1.258305186430657,-1.3213931397388987,0.5508607998911177,-0.6802348535683739,-0.9591877230051583,-0.6142951168339511,1.3445044840729643
0.18467797784571707,-0.9466276438515284,-0.40532418794096353,0.8834522085987724,-0.672106181120128,0.3610126557210394,1.1071515334462287,-1.6203232415653137,0.8529290695027727,-1.614933133444814,-1.7825752511125124,1.6278820596099703,-0.7437684379978099
1.6767008502435259,1.0563815735734448,0.04641116655812591,-1.1319231422671772,0.08272076075324652,-1.4883855104288466,-1.3913183119205363,-0.05370807828984241,1.910168013143565,-1.4591500867987406,-2.0845630796090218,1.6278820596099703,-0.7437684379978099
-0.2416142714107997,1.0563815735734448,-1.3087948969391423,0.8834522085987724,0.837547702626621,1.2857117387959824,1.5514510395323957,0.8084838357743084,-1.563617087390467,-0.2128857136301538,-0.07093678762998123,-0.6142951168339511,-0.7437684379978099
0.18467797784571707,-0.9466276438515284,1.4016172300553942,0.8834522085987724,0.08272076075324652,-1.4883855104288466,0.02066244368423594,0.19816821121204442,0.17327546287654907,0.09868037966199295,-0.13263873495614462,-0.6142951168339511,1.3445044840729643
0.07810491553158788,-0.9466276438515284,0.04641116655812591,0.8834522085987724,-0.672106181120128,-1.4883855104288466,-0.7041145775934892,-1.6078678206558799,-0.5818952111525882,-1.6928246567678507,-1.142586901899527,-0.6142951168339511,1.3445044840729643
0.07810491553158788,1.0563815735734448,0.9498818755563048,-1.1319231422671772,-1.4269331229935025,0.3610126557210394,0.04344624534581724,-0.46196909698795546,-0.9594805481671569,1.2670532295075432,1.8542324018111245,-0.6142951168339511,1.3445044840729643
-1.4139179568662208,-0.9466276438515284,1.4016172300553942,-1.1319231422671772,1.5923746444999956,1.2857117387959824,-1.501824362084805,1.0202259912346858,-0.2043098741380196,1.3449447528305798,1.1735391831921342,-0.6142951168339511,-0.7437684379978099
-0.02846814678254131,1.0563815735734448,1.8533525845544836,-1.1319231422671772,0.837547702626621,1.2857117387959824,0.5437367134100403,0.31026699939695007,-0.5818952111525882,0.03766535305894769,-0.07093678762998123,-0.6142951168339511,-0.7437684379978099
1.3569816633011382,-0.9466276438515284,0.04641116655812591,-1.1319231422671772,-0.672106181120128,0.3610126557210394,-0.4294790628279775,-1.3836702442860684,-1.1105146829729844,0.03766535305894769,-0.07093678762998123,1.6278820596099703,-0.7437684379978099
0.07810491553158788,1.0563815735734448,-0.40532418794096353,-1.1319231422671772,-0.672106181120128,-0.5636864273539036,-0.6816689970092052,1.3191560930611008,-1.790168289599208,-0.5244518069223005,0.919633838118455,-0.6142951168339511,-0.7437684379978099
-1.3073448945520916,-0.9466276438515284,-0.857059542440053,0.8834522085987724,0.08272076075324652,0.3610126557210394,0.28767261052522375,1.269334409423365,-0.2043098741380196,-0.9918009468605206,-0.76624902914625,-0.6142951168339511,1.3445044840729643
-1.6270640814944792,1.0563815735734448,1.4016172300553942,0.8834522085987724,0.08272076075324652,0.3610126557210394,-1.0804008997722097,1.543353669430912,0.09775839547363534,0.03766535305894769,-0.07093678762998123,-0.6142951168339511,1.3445044840729643
-1.3073448945520916,1.0563815735734448,1.8533525845544836,0.8834522085987724,1.5923746444999956,0.3610126557210394,-1.4250789249089524,-0.05094020697663479,0.11663766232436378,-0.9918009468605206,-0.07093678762998123,-0.6142951168339511,-0.7437684379978099
-1.6270640814944792,1.0563815735734448,0.49814652105721535,0.8834522085987724,1.5923746444999956,0.3610126557210394,0.2316509011765043,1.605630773978082,1.910168013143565,-0.913909423537484,-1.7503548274445921,-0.6142951168339511,1.3445044840729643
-0.2416142714107997,-0.9466276438515284,0.49814652105721535,-1.1319231422671772,-1.4269331229935025,1.2857117387959824,-0.5874590532965399,-0.611434147901163,-0.8084464133613295,0.02078885633895626,0.5555263140811765,-0.6142951168339511,1.3445044840729643
0.5043971647881047,1.0563815735734448,-0.40532418794096353,0.8834522085987724,-1.4269331229935025,1.2857117387959824,0.04163215047667648,1.0202259912346858,1.6836168109348237,1.5786193227996899,-0.08410835241426727,-0.6142951168339511,-0.7437684379978099
-0.02846814678254131,1.0563815735734448,0.04641116655812591,-1.1319231422671772,1.5923746444999956,-0.5636864273539036,-1.3308074864549602,-1.3213931397388987,0.32430959768237655,-0.4465602835992638,-0.6526518706944516,-0.6142951168339511,-0.7437684379978099
0.8241163517304922,-0.9466276438515284,0.04641116655812591,-1.1319231422671772,0.837547702626621,0.3610126557210394,-0.7515885178977827,1.244423567604497,0.8529290695027727,0.8775956128923598,-0.01478064897608647,-0.6142951168339511,1.3445044840729643
-0.8810526452955749,1.0563815735734448,-0.857059542440053,0.8834522085987724,-1.4269331229935025,0.3610126557210394,1.3870141012245187,0.4970983130384594,-0.9594805481671569,-1.3033670401526674,-0.5528306678499757,1.6278820596099703,-0.7437684379978099
-0.987625707609704,-0.9466276438515284,0.04641116655812591,0.8834522085987724,0.08272076075324652,0.3610126557210394,1.4529364639268538,-0.05370807828984241,-1.3370658851817256,0.33235494963110296,1.3494879216830833,1.6278820596099703,-0.7437684379978099
-1.4139179568662208,-0.9466276438515284,0.49814652105721535,0.8834522085987724,0.08272076075324652,-0.5636864273539036,0.6137177290399445,1.1323247794195914,0.32430959768237655,0.566029519600213,0.1231103568450285,1.6278820596099703,-0.7437684379978099
0.07810491553158788,-0.9466276438515284,1.4016172300553942,0.8834522085987724,1.5923746444999956,-0.5636864273539036,1.5140007420643713,1.1696910421478932,-1.0349976155700706,1.5007277994766532,2.158115566546641,-0.6142951168339511,-0.7437684379978099
-0.02846814678254131,1.0563815735734448,1.4016172300553942,0.8834522085987724,0.837547702626621,-0.5636864273539036,-1.8646433359129553,0.3974549457629878,1.6836168109348237,-0.5244518069223005,-1.4129612367668296,-0.6142951168339511,-0.7437684379978099
1.1438355386728798,1.0563815735734448,0.49814652105721535,0.8834522085987724,0.08272076075324652,0.3610126557210394,0.04344624534581724,-0.03848478606720083,0.5508607998911177,-0.2128857136301538,-0.07093678762998123,1.6278820596099703,-0.7437684379978099
0.29125104015984626,1.0563815735734448,-0.857059542440053,0.8834522085987724,0.837547702626621,0.3610126557210394,-1.5369993541237377,0.16080194848374252,-1.0349976155700706,0.9554871362153964,1.6411241214699395,1.6278820596099703,-0.7437684379978099
0.6109702271022339,1.0563815735734448,-0.857059542440053,0.8834522085987724,-1.4269331229935025,-0.5636864273539036,-1.6430777829124765,0.011336897570535012,-0.12879280673510585,0.566029519600213,0.4662198206520395,-0.6142951168339511,1.3445044840729643
0.717543289416363,-0.9466276438515284,-0.857059542440053,0.8834522085987724,0.08272076075324652,-0.5636864273539036,1.6587593631476707,-0.05370807828984241,0.09775839547363534,0.03766535305894769,-0.07093678762998123,1.6278820596099703,-0.7437684379978099
0.6109702271022339,1.0563815735734448,0.9498818755563048,0.8834522085987724,-1.4269331229935025,0.3610126557210394,-0.9293083203322495,0.5967416803139312,0.7018949346969452,-1.6928246567678507,-1.774685196185877,-0.6142951168339511,1.3445044840729643
-0.2416142714107997,1.0563815735734448,1.4016172300553942,-1.1319231422671772,-0.672106181120128,1.2857117387959824,-1.7800265718472714,-0.897908828818144,1.60809974353191,0.2544634263080663,-0.8818252072888891,-0.6142951168339511,-0.7437684379978099
-1.0941987699238334,1.0563815735734448,-0.40532418794096353,0.8834522085987724,0.08272076075324652,1.2857117387959824,0.3121475175732922,-1.0473738797313517,-1.563617087390467,0.03766535305894769,-0.07093678762998123,-0.6142951168339511,-0.7437684379978099
-0.3481873337249289,-0.9466276438515284,1.4016172300553942,0.8834522085987724,1.5923746444999956,-0.5636864273539036,0.6598387850350483,0.6590187848611009,-0.5818952111525882,-0.7581263768914105,-0.3192257882838114,-0.6142951168339511,-0.7437684379978099
0.29125104015984626,1.0563815735734448,0.49814652105721535,0.8834522085987724,0.837547702626621,-0.5636864273539036,-1.062936393235397,-1.6701449252030496,0.777412002099859,0.6439210429232497,-0.13113874750214968,-0.6142951168339511,-0.7437684379978099
0.6109702271022339,1.0563815735734448,-0.40532418794096353,-1.1319231422671772,1.5923746444999956,-1.4883855104288466,1.1878326340669971,-1.0349184588219176,0.11663766232436378,0.03766535305894769,-0.07093678762998123,-0.6142951168339511,1.3445044840729643
1.1438355386728798,-0.9466276438515284,1.4016172300553942,-1.1319231422671772,0.08272076075324652,0.3610126557210394,-1.3798802900337506,0.6714742057705348,-0.7329293459584157,0.4102464729541397,0.8429880977371829,-0.6142951168339511,-0.7437684379978099
-1.52049101918035,-0.9466276438515284,0.04641116655812591,0.8834522085987724,0.837547702626621,1.2857117387959824,0.7217024948098143,-1.1594726679162572,0.32430959768237655,-0.29077723695319047,-0.5333038356883775,-0.6142951168339511,-0.7437684379978099
0.5043971647881047,1.0563815735734448,-1.3087948969391423,0.8834522085987724,-1.4269331229935025,0.3610126557210394,-0.48630020381394545,1.4312548812460064,0.11663766232436378,0.48813799627717636,-0.07093678762998123,-0.6142951168339511,1.3445044840729643
1.250408600987009,1.0563815735734448,-0.857059542440053,-1.1319231422671772,0.837547702626621,1.2857117387959824,0.39756371327622453,0.036247739389402935,-1.7146512221962942,0.9554871362153964,2.4208335246301598,-0.6142951168339511,1.3445044840729643
0.07810491553158788,1.0563815735734448,-1.3087948969391423,0.8834522085987724,-1.4269331229935025,1.2857117387959824,-0.9707557759865162,-1.0224630379124837,1.6836168109348237,-1.614933133444814,-2.10199606569038,-0.6142951168339511,-0.7437684379978099
1.6767008502435259,-0.9466276438515284,0.49814652105721535,0.8834522085987724,0.08272076075324652,0.3610126557210394,0.18651376104262934,1.219512725785629,-0.8084464133613295,0.2544634263080663,0.7690132617155869,1.6278820596099703,-0.7437684379978099
-1.6270640814944792,-0.9466276438515284,0.9498818755563048,0.8834522085987724,1.5923746444999956,-1.4883855104288466,-0.10859950258470841,-0.05370807828984241,0.11663766232436378,1.5007277994766532,-0.07093678762998123,-0.6142951168339511,-0.7437684379978099
-1.2007718322379626,1.0563815735734448,1.4016172300553942,0.8834522085987724,0.08272076075324652,1.2857117387959824,0.38065265941135307,1.0077705703252517,-0.2043098741380196,-0.36866876027622714,-0.24897217252268122,-0.6142951168339511,-0.7437684379978099
1.250408600987009,1.0563815735734448,-0.857059542440053,0.8834522085987724,0.837547702626621,-1.4883855104288466,-1.2152588675018934,0.9081272030497801,-1.0349976155700706,-0.05710266698408042,-0.07093678762998123,-0.6142951168339511,1.3445044840729643
0.07810491553158788,-0.9466276438515284,1.8533525845544836,-1.1319231422671772,0.08272076075324652,0.3610126557210394,1.203021835174718,1.4187994603365726,-1.6391341547933804,0.03766535305894769,-0.07093678762998123,-0.6142951168339511,1.3445044840729643
0.29125104015984626,-0.9466276438515284,-0.857059542440053,-1.1319231422671772,0.08272076075324652,-0.5636864273539036,-1.0176147688775417,1.4561657230648744,-0.5818952111525882,0.566029519600213,0.8472024560051199,-0.6142951168339511,1.3445044840729643
-1.3073448945520916,-0.9466276438515284,-0.857059542440053,0.8834522085987724,-1.4269331229935025,0.3610126557210394,0.14930944253991224,-1.7448774506596534,1.4570656087260825,1.2670532295075432,-0.1422002384638501,1.6278820596099703,-0.7437684379978099
-1.4139179568662208,-0.9466276438515284,-0.857059542440053,0.8834522085987724,0.08272076075324652,1.2857117387959824,-1.1021700382018986,-0.05370807828984241,0.2487925302794628,0.8775956128923598,0.4192823590016478,-0.6142951168339511,-0.7437684379978099
